<assembly xmlns="http://maven.apache.org/plugins/maven-assembly-plugin/assembly/1.1.3"
          xmlns:xsi="http://www.w3.org/2001/XMLSchema-instance"
          xsi:schemaLocation="http://maven.apache.org/plugins/maven-assembly-plugin/assembly/1.1.3 http://maven.apache.org/xsd/assembly-1.1.3.xsd">
    <id>jboss-test</id>
    <includeBaseDirectory>false</includeBaseDirectory>
    <formats>
        <format>dir</format>
    </formats>
    <fileSets>
        <fileSet>
            <directory>${project.build.directory}/jboss-eap-6.4.0-nxs1/jboss-eap-6.4.0</directory>
            <outputDirectory>.</outputDirectory>
            <includes>
                <include>**/*</include>
            </includes>
        </fileSet>
        <fileSet>
            <directory>src/test/resources/jboss</directory>
            <outputDirectory>standalone/configuration</outputDirectory>
            <filtered>true</filtered>
            <includes>
                <include>standalone-*.xml</include>
            </includes>
        </fileSet>
        <fileSet>
            <directory>src/test/resources/jboss/db2</directory>
            <outputDirectory>modules/system/layers/base/com/ibm/db2/main</outputDirectory>
        </fileSet>
    </fileSets>
    <files>
        <file>
            <source>
                ${project.build.directory}/jboss-eap-6.4.0-nxs1/jboss-eap-6.4.0/modules/system/layers/base/com/natixis/filenet/ged/j2c/main/filenet-j2c-1.0.1.RC2.rar
            </source>
            <outputDirectory>standalone/deployments</outputDirectory>
            <destName>filenet-j2c-1.0.1.RC2.rar</destName>
        </file>
    </files>
</assembly>