<main>
    <no type="siren">321210775</no>
    <deno>MONSIEUR JEAN PAUL MAGNY</deno>
    <enseigne>MONSIEUR JEAN PAUL MAGNY</enseigne>
    <psiret>32121077500011</psiret>
    <adresse>10 RUE DU 18 JUIN 1940</adresse>
    <codepostal>94700</codepostal>
    <commune>MAISONS ALFORT</commune>
    <ape>8622C</ape>
    <apetexte>Autres activités des médecins spécialistes</apetexte>
    <dcren>20-12-1980</dcren>
    <nationalite>FRANCE</nationalite>
    <formejur>Affaire personnelle profession libérale</formejur>
    <etablissement>
        <etabsiret>32121077500011</etabsiret>
        <etabenseigne>MONSIEUR JEAN PAUL MAGNY</etabenseigne>
        <etabadresse>10 RUE DU 18 JUIN 1940</etabadresse>
        <etabcodepostal>94700</etabcodepostal>
        <etabcommune>MAISONS ALFORT</etabcommune>
        <etabape>8622C</etabape>
        <etabapetexte>Autres activités des médecins spécialistes</etabapetexte>
    </etablissement>
    <url>
        http://www.societe.com/societe/monsieur-jean-paul-magny-321210775.html
    </url>
</main>
