<main>
    <no type="siren">330273038</no>
    <deno>MADAME AMINA BEN MEHIDI</deno>
    <enseigne>MADAME AMINA BEN MEHIDI</enseigne>
    <psiret>33027303800043</psiret>
    <adresse>67 BOULEVARD DE REUILLY</adresse>
    <codepostal>75012</codepostal>
    <commune>PARIS</commune>
    <ape>8622C</ape>
    <apetexte>Autres activités des médecins spécialistes</apetexte>
    <dcren>01-06-1984</dcren>
    <nationalite>FRANCE</nationalite>
    <formejur>Affaire personnelle profession libérale</formejur>
    <etablissement>
        <etabsiret>33027303800043</etabsiret>
        <etabenseigne>MADAME AMINA BEN MEHIDI</etabenseigne>
        <etabadresse>67 BOULEVARD DE REUILLY</etabadresse>
        <etabcodepostal>75012</etabcodepostal>
        <etabcommune>PARIS</etabcommune>
        <etabape>8622C</etabape>
        <etabapetexte>Autres activités des médecins spécialistes</etabapetexte>
    </etablissement>
    <url>
        http://www.societe.com/societe/madame-amina-ben-mehidi-330273038.html
    </url>
</main>
