<main>
    <no type="siren">398264960</no>
    <deno>MONSIEUR YVES BONADONNA</deno>
    <enseigne>MONSIEUR YVES BONADONNA</enseigne>
    <psiret>39826496000012</psiret>
    <adresse>5 RUE DU LAOS</adresse>
    <codepostal>75015</codepostal>
    <commune>PARIS</commune>
    <ape>8621Z</ape>
    <apetexte>Activité des médecins généralistes</apetexte>
    <dcren>01-01-1982</dcren>
    <nationalite>FRANCE</nationalite>
    <formejur>Affaire personnelle profession libérale</formejur>
    <etablissement>
        <etabsiret>39826496000012</etabsiret>
        <etabenseigne>MONSIEUR YVES BONADONNA</etabenseigne>
        <etabadresse>5 RUE DU LAOS</etabadresse>
        <etabcodepostal>75015</etabcodepostal>
        <etabcommune>PARIS</etabcommune>
        <etabape>8621Z</etabape>
        <etabapetexte>Activité des médecins généralistes</etabapetexte>
    </etablissement>
    <url>
        http://www.societe.com/societe/monsieur-yves-bonadonna-398264960.html
    </url>
</main>
