<main>
    <no type="siren">420259731</no>
    <deno>MADAME LAETITIA HERVE</deno>
    <enseigne>MADAME LAETITIA HERVE</enseigne>
    <psiret>42025973100032</psiret>
    <adresse>11 RUE JEAN PIGEON</adresse>
    <codepostal>94220</codepostal>
    <commune>CHARENTON LE PONT</commune>
    <ape>8623Z</ape>
    <apetexte>Pratique dentaire</apetexte>
    <dcren>09-06-1998</dcren>
    <nationalite>FRANCE</nationalite>
    <etablissement>
        <etabsiret>42025973100032</etabsiret>
        <etabenseigne>MADAME LAETITIA HERVE</etabenseigne>
        <etabadresse>11 RUE JEAN PIGEON</etabadresse>
        <etabcodepostal>94220</etabcodepostal>
        <etabcommune>CHARENTON LE PONT</etabcommune>
        <etabape>8623Z</etabape>
        <etabapetexte>Pratique dentaire</etabapetexte>
    </etablissement>
    <url>
        http://www.societe.com/societe/madame-laetitia-herve-420259731.html
    </url>
</main>
