<main>
    <no type="siren">441977600</no>
    <deno>MADAME CELINE MENARES</deno>
    <enseigne>MADAME CELINE MENARES</enseigne>
    <psiret>44197760000044</psiret>
    <adresse>29 BOULEVARD DE LA REPUBLIQUE</adresse>
    <codepostal>78440</codepostal>
    <commune>PORCHEVILLE</commune>
    <ape>8621Z</ape>
    <apetexte>Activité des médecins généralistes</apetexte>
    <dcren>15-02-2002</dcren>
    <nationalite>FRANCE</nationalite>
    <formejur>Affaire personnelle profession libérale</formejur>
    <etablissement>
        <etabsiret>44197760000044</etabsiret>
        <etabenseigne>MADAME CELINE MENARES</etabenseigne>
        <etabadresse>29 BOULEVARD DE LA REPUBLIQUE</etabadresse>
        <etabcodepostal>78440</etabcodepostal>
        <etabcommune>PORCHEVILLE</etabcommune>
        <etabape>8621Z</etabape>
        <etabapetexte>Activité des médecins généralistes</etabapetexte>
    </etablissement>
    <url>
        http://www.societe.com/societe/madame-celine-menares-441977600.html
    </url>
</main>
