<main>
    <no type="siren">562000349</no>
    <deno>SERVICES CONSEIL EXPERTISES TERRITOIRES</deno>
    <greffe>Paris B 562000349</greffe>
    <enseigne>SCE CONSEIL EXPERTISES TERRITOIRES</enseigne>
    <psiret>56200034902188</psiret>
    <adresse>52 RUE JACQUES HILLAIRET</adresse>
    <codepostal>75612</codepostal>
    <commune>PARIS</commune>
    <ape>7022Z</ape>
    <apetexte>
        Conseil pour les affaires et autres conseils de gestion
    </apetexte>
    <dateimmat>03-01-1956</dateimmat>
    <dcren>01-01-1956</dcren>
    <nationalite>France</nationalite>
    <formejur>SA à conseil d'administration</formejur>
    <capital devisecap="EURO" typecap="social">1608000.00</capital>
    <etablissement>
        <etabsiret>56200034902188</etabsiret>
        <etabenseigne>SCE CONSEIL EXPERTISES TERRITOIRES</etabenseigne>
        <etabadresse>52 RUE JACQUES HILLAIRET</etabadresse>
        <etabcodepostal>75012</etabcodepostal>
        <etabcommune>PARIS</etabcommune>
        <etabape>7112B</etabape>
        <etabapetexte>Ingénierie, études techniques</etabapetexte>
    </etablissement>
    <etablissement>
        <etabsiret>56200034902204</etabsiret>
        <etabenseigne>SCE CONSEIL EXPERTISES TERRITOIRES</etabenseigne>
        <etabadresse>267 AVENUE DE VERDUN</etabadresse>
        <etabcodepostal>83300</etabcodepostal>
        <etabcommune>DRAGUIGNAN</etabcommune>
        <etabape>8211Z</etabape>
        <etabapetexte>Services administratifs combinés de bureau</etabapetexte>
    </etablissement>
    <etablissement>
        <etabsiret>56200034902196</etabsiret>
        <etabenseigne>SCE CONSEIL EXPERTISES TERRITOIRES</etabenseigne>
        <etabadresse>67 AVENUE DU PRADO</etabadresse>
        <etabcodepostal>13006</etabcodepostal>
        <etabcommune>MARSEILLE</etabcommune>
        <etabape>7112B</etabape>
        <etabapetexte>Ingénierie, études techniques</etabapetexte>
    </etablissement>
    <etablissement>
        <etabsiret>56200034902170</etabsiret>
        <etabenseigne>SCE CONSEIL EXPERTISES TERRITOIRES</etabenseigne>
        <etabadresse>10 RUE D HERMIA</etabadresse>
        <etabcodepostal>14200</etabcodepostal>
        <etabcommune>HEROUVILLE SAINT CLAIR</etabcommune>
        <etabape>6831Z</etabape>
        <etabapetexte>Agences immobilières</etabapetexte>
    </etablissement>
    <etablissement>
        <etabsiret>56200034902154</etabsiret>
        <etabenseigne>SCE CONSEIL EXPERTISES TERRITOIRES</etabenseigne>
        <etabadresse>74 RUE GEORGES BONNAC</etabadresse>
        <etabcodepostal>33000</etabcodepostal>
        <etabcommune>BORDEAUX</etabcommune>
        <etabape>7112B</etabape>
        <etabapetexte>Ingénierie, études techniques</etabapetexte>
    </etablissement>
    <etablissement>
        <etabsiret>56200034902147</etabsiret>
        <etabenseigne>SCE CONSEIL EXPERTISES TERRITOIRES</etabenseigne>
        <etabadresse>455 PROMENADE DES ANGLAIS</etabadresse>
        <etabcodepostal>06000</etabcodepostal>
        <etabcommune>NICE</etabcommune>
        <etabape>7112B</etabape>
        <etabapetexte>Ingénierie, études techniques</etabapetexte>
    </etablissement>
    <etablissement>
        <etabsiret>56200034902139</etabsiret>
        <etabenseigne>SCE CONSEIL EXPERTISES TERRITOIRES</etabenseigne>
        <etabadresse>41 AVENUE FRANCOISE GIROUD</etabadresse>
        <etabcodepostal>21000</etabcodepostal>
        <etabcommune>DIJON</etabcommune>
        <etabape>6832A</etabape>
        <etabapetexte>
            Administration d'immeubles et autres biens immobiliers
        </etabapetexte>
    </etablissement>
    <etablissement>
        <etabsiret>56200034902121</etabsiret>
        <etabenseigne>SCE CONSEIL EXPERTISES TERRITOIRES</etabenseigne>
        <etabadresse>2 QUAI DE LA DOUANE</etabadresse>
        <etabcodepostal>29200</etabcodepostal>
        <etabcommune>BREST</etabcommune>
        <etabape>8299Z</etabape>
        <etabapetexte>Autres activités de soutien aux entreprises n.c.a.</etabapetexte>
    </etablissement>
    <etablissement>
        <etabsiret>56200034902089</etabsiret>
        <etabenseigne>SCE CONSEIL EXPERTISES TERRITOIRES</etabenseigne>
        <etabadresse>ALLEE DE LA PASSE PIERRE</etabadresse>
        <etabcodepostal>13800</etabcodepostal>
        <etabcommune>ISTRES</etabcommune>
        <etabape>7112B</etabape>
        <etabapetexte>Ingénierie, études techniques</etabapetexte>
    </etablissement>
    <etablissement>
        <etabsiret>56200034902055</etabsiret>
        <etabenseigne>SCE CONSEIL EXPERTISES TERRITOIRES</etabenseigne>
        <etabadresse>11 PARVIS DE ROTTERDAM</etabadresse>
        <etabcodepostal>59777</etabcodepostal>
        <etabcommune>LILLE</etabcommune>
        <etabape>7490B</etabape>
        <etabapetexte>
            Activités spécialisées, scientifiques et techniques diverses
        </etabapetexte>
    </etablissement>
    <etablissement>
        <etabsiret>56200034901982</etabsiret>
        <etabenseigne>SCE CONSEIL EXPERTISES TERRITOIRES</etabenseigne>
        <etabadresse>12 RUE DU DOCTEUR HERPIN</etabadresse>
        <etabcodepostal>37000</etabcodepostal>
        <etabcommune>TOURS</etabcommune>
        <etabape>7112B</etabape>
        <etabapetexte>Ingénierie, études techniques</etabapetexte>
    </etablissement>
    <etablissement>
        <etabsiret>56200034901966</etabsiret>
        <etabenseigne>SCE CONSEIL EXPERTISES TERRITOIRES</etabenseigne>
        <etabadresse>2 RUE ADOLPHE SEYBOTH</etabadresse>
        <etabcodepostal>67000</etabcodepostal>
        <etabcommune>STRASBOURG</etabcommune>
        <etabape>8299Z</etabape>
        <etabapetexte>Autres activités de soutien aux entreprises n.c.a.</etabapetexte>
    </etablissement>
    <etablissement>
        <etabsiret>56200034901933</etabsiret>
        <etabenseigne>SCE CONSEIL EXPERTISES TERRITOIRES</etabenseigne>
        <etabadresse>7 RUE DU GANTELET</etabadresse>
        <etabcodepostal>51000</etabcodepostal>
        <etabcommune>CHALONS EN CHAMPAGNE</etabcommune>
        <etabape>7112B</etabape>
        <etabapetexte>Ingénierie, études techniques</etabapetexte>
    </etablissement>
    <etablissement>
        <etabsiret>56200034901891</etabsiret>
        <etabenseigne>SCE CONSEIL EXPERTISES TERRITOIRES</etabenseigne>
        <etabadresse>78 RUE DE LA VILLETTE</etabadresse>
        <etabcodepostal>69003</etabcodepostal>
        <etabcommune>LYON EME</etabcommune>
        <etabape>7112B</etabape>
        <etabapetexte>Ingénierie, études techniques</etabapetexte>
    </etablissement>
    <etablissement>
        <etabsiret>56200034901420</etabsiret>
        <etabenseigne>SCE CONSEIL EXPERTISES TERRITOIRES</etabenseigne>
        <etabadresse>2 AVENUE DE PARIS</etabadresse>
        <etabcodepostal>45000</etabcodepostal>
        <etabcommune>ORLEANS</etabcommune>
        <etabape>7112B</etabape>
        <etabapetexte>Ingénierie, études techniques</etabapetexte>
    </etablissement>
    <etablissement>
        <etabsiret>56200034901404</etabsiret>
        <etabenseigne>SCE CONSEIL EXPERTISES TERRITOIRES</etabenseigne>
        <etabadresse>2 AVENUE CARNOT</etabadresse>
        <etabcodepostal>44000</etabcodepostal>
        <etabcommune>NANTES</etabcommune>
        <etabape>7022Z</etabape>
        <etabapetexte>
            Conseil pour les affaires et autres conseils de gestion
        </etabapetexte>
    </etablissement>
    <etablissement>
        <etabsiret>56200034901370</etabsiret>
        <etabenseigne>SCE CONSEIL EXPERTISES TERRITOIRES</etabenseigne>
        <etabadresse>101 ALLEE DE DELOS</etabadresse>
        <etabcodepostal>34000</etabcodepostal>
        <etabcommune>MONTPELLIER</etabcommune>
        <etabape>7112B</etabape>
        <etabapetexte>Ingénierie, études techniques</etabapetexte>
    </etablissement>
    <etablissement>
        <etabsiret>56200034900927</etabsiret>
        <etabenseigne>SCE CONSEIL EXPERTISES TERRITOIRES</etabenseigne>
        <etabadresse>57 RUE DE BAYARD</etabadresse>
        <etabcodepostal>31000</etabcodepostal>
        <etabcommune>TOULOUSE</etabcommune>
        <etabape>7112B</etabape>
        <etabapetexte>Ingénierie, études techniques</etabapetexte>
    </etablissement>
    <etablissement>
        <etabsiret>56200034900695</etabsiret>
        <etabenseigne>SCE CONSEIL EXPERTISES TERRITOIRES</etabenseigne>
        <etabadresse>30 RUE HENRI GADEAU DE KERVILLE</etabadresse>
        <etabcodepostal>76100</etabcodepostal>
        <etabcommune>ROUEN</etabcommune>
        <etabape>7112B</etabape>
        <etabapetexte>Ingénierie, études techniques</etabapetexte>
    </etablissement>
    <dirig>
        <titredirig>Président du conseil d'administration</titredirig>
        <detdirig>M KEITA Dessouffiana</detdirig>
        <datenaissance>1957</datenaissance>
        <urldirig>
            http://dirigeant.societe.com/dirigeant/Dessouffiana.KEITA.70207796.html
        </urldirig>
    </dirig>
    <dirig>
        <titredirig>Directeur général</titredirig>
        <detdirig>M KEITA Dessouffiana</detdirig>
        <datenaissance>1957</datenaissance>
        <urldirig>
            http://dirigeant.societe.com/dirigeant/Dessouffiana.KEITA.70207796.html
        </urldirig>
    </dirig>
    <dirig>
        <titredirig>Directeur général délégué</titredirig>
        <detdirig>MME IRISSON Marina</detdirig>
        <datenaissance>1972</datenaissance>
        <urldirig>
            http://dirigeant.societe.com/dirigeant/Marina.IRISSON.70268730.html
        </urldirig>
    </dirig>
    <dirig>
        <titredirig>Administrateur</titredirig>
        <detdirig>
            CAISSE DES DEPOTS ET CONSIGNATIONS représenté par M COLAS Antoine
        </detdirig>
        <datenaissance>1973</datenaissance>
        <urldirig>
            http://dirigeant.societe.com/dirigeant/Antoine.COLAS.83227602.html
        </urldirig>
    </dirig>
    <dirig>
        <titredirig>Administrateur</titredirig>
        <detdirig>M CARRERE Jean</detdirig>
        <datenaissance>1960</datenaissance>
        <urldirig>
            http://dirigeant.societe.com/dirigeant/Jean.CARRERE.65806820.html
        </urldirig>
    </dirig>
    <dirig>
        <titredirig>Administrateur</titredirig>
        <detdirig>MME BOROT Marianne</detdirig>
        <datenaissance>1955</datenaissance>
        <urldirig>
            http://dirigeant.societe.com/dirigeant/Marianne.BOROT.60099122.html
        </urldirig>
    </dirig>
    <dirig>
        <titredirig>Administrateur</titredirig>
        <detdirig>M KEITA Dessouffiana</detdirig>
        <datenaissance>1957</datenaissance>
        <urldirig>
            http://dirigeant.societe.com/dirigeant/Dessouffiana.KEITA.70207796.html
        </urldirig>
    </dirig>
    <dirig>
        <titredirig>Administrateur</titredirig>
        <detdirig>M LANTERI Richard</detdirig>
        <datenaissance>1949</datenaissance>
        <urldirig>
            http://dirigeant.societe.com/dirigeant/Richard.LANTERI.86632102.html
        </urldirig>
    </dirig>
    <dirig>
        <titredirig>Administrateur</titredirig>
        <detdirig>MME DUCOMBS Sandrine</detdirig>
        <datenaissance>1969</datenaissance>
        <urldirig>
            http://dirigeant.societe.com/dirigeant/Sandrine.DUCOMBS.01066562.html
        </urldirig>
    </dirig>
    <dirig>
        <titredirig>Administrateur</titredirig>
        <detdirig>M SISSOKO Soya</detdirig>
        <datenaissance>1966</datenaissance>
        <urldirig>
            http://dirigeant.societe.com/dirigeant/Soya.SISSOKO.65254520.html
        </urldirig>
    </dirig>
    <dirig>
        <titredirig>Commissaire aux comptes titulaire</titredirig>
        <detdirig>MAZARS</detdirig>
    </dirig>
    <dirig>
        <titredirig>Commissaire aux comptes suppléant</titredirig>
        <detdirig>MME VEAUTE Anne</detdirig>
        <datenaissance>1963</datenaissance>
        <urldirig>
            http://dirigeant.societe.com/dirigeant/Anne.VEAUTE.15230602.html
        </urldirig>
    </dirig>
    <evenement>
        <dateeven>05-06-2015</dateeven>
        <deteven>Acte modificatif</deteven>
    </evenement>
    <evenement>
        <dateeven>05-06-2015</dateeven>
        <deteven>Modification du Conseil d'Administration</deteven>
    </evenement>
    <evenement>
        <dateeven>21-04-2015</dateeven>
        <deteven>Statuts mis à jour</deteven>
    </evenement>
    <evenement>
        <dateeven>21-04-2015</dateeven>
        <deteven>PV d'Assemblée</deteven>
    </evenement>
    <evenement>
        <dateeven>21-04-2015</dateeven>
        <deteven>Modification de l'objet social</deteven>
    </evenement>
    <evenement>
        <dateeven>17-03-2015</dateeven>
        <deteven>Acte modificatif</deteven>
    </evenement>
    <evenement>
        <dateeven>17-03-2015</dateeven>
        <deteven>Nomination/démission des organes de gestion</deteven>
    </evenement>
    <evenement>
        <dateeven>17-03-2015</dateeven>
        <deteven>Modification du Conseil d'Administration</deteven>
    </evenement>
    <evenement>
        <dateeven>17-10-2014</dateeven>
        <deteven>PV d'Assemblée</deteven>
    </evenement>
    <evenement>
        <dateeven>17-10-2014</dateeven>
        <deteven>Modification du Conseil d'Administration</deteven>
    </evenement>
    <evenement>
        <dateeven>02-10-2014</dateeven>
        <deteven>Acte modificatif</deteven>
    </evenement>
    <evenement>
        <dateeven>02-10-2014</dateeven>
        <deteven>Modification du Conseil d'Administration</deteven>
    </evenement>
    <evenement>
        <dateeven>11-06-2014</dateeven>
        <deteven>Acte modificatif</deteven>
    </evenement>
    <evenement>
        <dateeven>11-06-2014</dateeven>
        <deteven>Nomination/démission des organes de gestion</deteven>
    </evenement>
    <evenement>
        <dateeven>11-06-2014</dateeven>
        <deteven>Modification du Conseil d'Administration</deteven>
    </evenement>
    <evenement>
        <dateeven>17-01-2014</dateeven>
        <deteven>Acte modificatif</deteven>
    </evenement>
    <evenement>
        <dateeven>17-01-2014</dateeven>
        <deteven>Modification du Conseil d'Administration</deteven>
    </evenement>
    <evenement>
        <dateeven>16-01-2014</dateeven>
        <deteven>Acte modificatif</deteven>
    </evenement>
    <evenement>
        <dateeven>16-01-2014</dateeven>
        <deteven>Nomination/démission des organes de gestion</deteven>
    </evenement>
    <evenement>
        <dateeven>09-08-2013</dateeven>
        <deteven>Acte modificatif</deteven>
    </evenement>
    <evenement>
        <dateeven>09-08-2013</dateeven>
        <deteven>Nomination/démission des organes de gestion</deteven>
    </evenement>
    <evenement>
        <dateeven>09-08-2013</dateeven>
        <deteven>Modification du Conseil d'Administration</deteven>
    </evenement>
    <evenement>
        <dateeven>28-05-2013</dateeven>
        <deteven>Acte modificatif</deteven>
    </evenement>
    <evenement>
        <dateeven>28-05-2013</dateeven>
        <deteven>Statuts mis à jour</deteven>
    </evenement>
    <evenement>
        <dateeven>28-05-2013</dateeven>
        <deteven>
            Transfert du siège dans le ressort du Tribunal de Commerce
        </deteven>
    </evenement>
    <evenement>
        <dateeven>02-04-2012</dateeven>
        <deteven>Acte modificatif</deteven>
    </evenement>
    <evenement>
        <dateeven>02-04-2012</dateeven>
        <deteven>Modification du Conseil d'Administration</deteven>
    </evenement>
    <evenement>
        <dateeven>01-07-2011</dateeven>
        <deteven>Acte modificatif</deteven>
    </evenement>
    <evenement>
        <dateeven>01-07-2011</dateeven>
        <deteven>Statuts mis à jour</deteven>
    </evenement>
    <evenement>
        <dateeven>01-07-2011</dateeven>
        <deteven>Nomination/démission des organes de gestion</deteven>
    </evenement>
    <evenement>
        <dateeven>01-07-2011</dateeven>
        <deteven>Modification du Conseil d'Administration</deteven>
    </evenement>
    <evenement>
        <dateeven>01-07-2011</dateeven>
        <deteven>Changement de Président (PDG, PCA)</deteven>
    </evenement>
    <evenement>
        <dateeven>05-10-2010</dateeven>
        <deteven>PV d'Assemblée</deteven>
    </evenement>
    <evenement>
        <dateeven>05-10-2010</dateeven>
        <deteven>Modification du Conseil d'Administration</deteven>
    </evenement>
    <evenement>
        <dateeven>05-10-2010</dateeven>
        <deteven>Acte modificatif</deteven>
    </evenement>
    <evenement>
        <dateeven>05-10-2010</dateeven>
        <deteven>Nomination/démission des organes de gestion</deteven>
    </evenement>
    <evenement>
        <dateeven>24-06-2010</dateeven>
        <deteven>Acte modificatif</deteven>
    </evenement>
    <evenement>
        <dateeven>24-06-2010</dateeven>
        <deteven>Nomination/démission des organes de gestion</deteven>
    </evenement>
    <evenement>
        <dateeven>09-03-2010</dateeven>
        <deteven>Acte modificatif</deteven>
    </evenement>
    <evenement>
        <dateeven>09-03-2010</dateeven>
        <deteven>Modification du Conseil d'Administration</deteven>
    </evenement>
    <evenement>
        <dateeven>01-08-2008</dateeven>
        <deteven>Acte modificatif</deteven>
    </evenement>
    <evenement>
        <dateeven>01-08-2008</dateeven>
        <deteven>Modification du Conseil d'Administration</deteven>
    </evenement>
    <evenement>
        <dateeven>17-09-2007</dateeven>
        <deteven>Statuts mis à jour</deteven>
    </evenement>
    <evenement>
        <dateeven>17-09-2007</dateeven>
        <deteven>PV d'Assemblée</deteven>
    </evenement>
    <evenement>
        <dateeven>17-09-2007</dateeven>
        <deteven>Modification de l'objet social</deteven>
    </evenement>
    <evenement>
        <dateeven>25-05-2007</dateeven>
        <deteven>Acte modificatif</deteven>
    </evenement>
    <evenement>
        <dateeven>25-05-2007</dateeven>
        <deteven>Statuts mis à jour</deteven>
    </evenement>
    <evenement>
        <dateeven>25-05-2007</dateeven>
        <deteven>
            Transfert du siège hors du ressort du Tribunal de Commerce
        </deteven>
    </evenement>
    <evenement>
        <dateeven>14-02-2007</dateeven>
        <deteven>Acte modificatif</deteven>
    </evenement>
    <evenement>
        <dateeven>14-02-2007</dateeven>
        <deteven>Changement de Président (PDG, PCA)</deteven>
    </evenement>
    <evenement>
        <dateeven>26-09-2006</dateeven>
        <deteven>PV d'Assemblée</deteven>
    </evenement>
    <evenement>
        <dateeven>26-09-2006</dateeven>
        <deteven>Réduction de capital</deteven>
    </evenement>
    <evenement>
        <dateeven>26-09-2006</dateeven>
        <deteven>PV d'Assemblée</deteven>
    </evenement>
    <evenement>
        <dateeven>26-09-2006</dateeven>
        <deteven>Modification du Conseil d'Administration</deteven>
    </evenement>
    <evenement>
        <dateeven>26-09-2006</dateeven>
        <deteven>Acte modificatif</deteven>
    </evenement>
    <evenement>
        <dateeven>26-09-2006</dateeven>
        <deteven>Modification du Conseil d'Administration</deteven>
    </evenement>
    <evenement>
        <dateeven>22-11-2005</dateeven>
        <deteven>Acte modificatif</deteven>
    </evenement>
    <evenement>
        <dateeven>22-11-2005</dateeven>
        <deteven>Nomination/démission des organes de gestion</deteven>
    </evenement>
    <evenement>
        <dateeven>22-11-2005</dateeven>
        <deteven>Modification du Conseil d'Administration</deteven>
    </evenement>
    <evenement>
        <dateeven>08-07-2005</dateeven>
        <deteven>Acte modificatif</deteven>
    </evenement>
    <evenement>
        <dateeven>08-07-2005</dateeven>
        <deteven>Statuts mis à jour</deteven>
    </evenement>
    <evenement>
        <dateeven>08-07-2005</dateeven>
        <deteven>PV d'Assemblée</deteven>
    </evenement>
    <evenement>
        <dateeven>08-07-2005</dateeven>
        <deteven>Augmentation de capital</deteven>
    </evenement>
    <evenement>
        <dateeven>15-06-2005</dateeven>
        <deteven>Changement de commissaire aux comptes</deteven>
    </evenement>
    <evenement>
        <dateeven>15-06-2005</dateeven>
        <deteven>PV d'Assemblée</deteven>
    </evenement>
    <evenement>
        <dateeven>24-01-2005</dateeven>
        <deteven>Rapport des commissaires ou du gérant</deteven>
    </evenement>
    <evenement>
        <dateeven>24-01-2005</dateeven>
        <deteven>Statuts mis à jour</deteven>
    </evenement>
    <evenement>
        <dateeven>24-01-2005</dateeven>
        <deteven>PV d'Assemblée</deteven>
    </evenement>
    <evenement>
        <dateeven>24-01-2005</dateeven>
        <deteven>Reconstitution de l'actif net</deteven>
    </evenement>
    <evenement>
        <dateeven>24-01-2005</dateeven>
        <deteven>Modification du Conseil d'Administration</deteven>
    </evenement>
    <evenement>
        <dateeven>29-09-2004</dateeven>
        <deteven>Acte modificatif</deteven>
    </evenement>
    <evenement>
        <dateeven>29-09-2004</dateeven>
        <deteven>Nomination/démission des organes de gestion</deteven>
    </evenement>
    <evenement>
        <dateeven>01-06-2004</dateeven>
        <deteven>Changement de commissaire aux comptes</deteven>
    </evenement>
    <evenement>
        <dateeven>01-06-2004</dateeven>
        <deteven>Statuts mis à jour</deteven>
    </evenement>
    <evenement>
        <dateeven>01-06-2004</dateeven>
        <deteven>PV d'Assemblée</deteven>
    </evenement>
    <evenement>
        <dateeven>01-06-2004</dateeven>
        <deteven>Changement de dénomination sociale</deteven>
    </evenement>
    <evenement>
        <dateeven>09-04-2004</dateeven>
        <deteven>Acte modificatif</deteven>
    </evenement>
    <evenement>
        <dateeven>09-04-2004</dateeven>
        <deteven>Modification du Conseil d'Administration</deteven>
    </evenement>
    <evenement>
        <dateeven>29-03-2004</dateeven>
        <deteven>Acte modificatif</deteven>
    </evenement>
    <evenement>
        <dateeven>29-03-2004</dateeven>
        <deteven>Changement de Président (PDG, PCA)</deteven>
    </evenement>
    <evenement>
        <dateeven>27-01-2004</dateeven>
        <deteven>Nomination/démission des organes de gestion</deteven>
    </evenement>
    <evenement>
        <dateeven>25-08-2003</dateeven>
        <deteven>Acte modificatif</deteven>
    </evenement>
    <evenement>
        <dateeven>25-08-2003</dateeven>
        <deteven>Modification du Conseil d'Administration</deteven>
    </evenement>
    <evenement>
        <dateeven>25-08-2003</dateeven>
        <deteven>Changement de Président (PDG, PCA)</deteven>
    </evenement>
    <evenement>
        <dateeven>08-07-2003</dateeven>
        <deteven>Nomination/démission des organes de gestion</deteven>
    </evenement>
    <evenement>
        <dateeven>04-06-2003</dateeven>
        <deteven>Acte modificatif</deteven>
    </evenement>
    <evenement>
        <dateeven>04-06-2003</dateeven>
        <deteven>Modification du Conseil d'Administration</deteven>
    </evenement>
    <evenement>
        <dateeven>24-02-2003</dateeven>
        <deteven>Acte modificatif</deteven>
    </evenement>
    <evenement>
        <dateeven>24-02-2003</dateeven>
        <deteven>PV d'Assemblée</deteven>
    </evenement>
    <evenement>
        <dateeven>24-02-2003</dateeven>
        <deteven>Modification du Conseil d'Administration</deteven>
    </evenement>
    <evenement>
        <dateeven>27-12-2002</dateeven>
        <deteven>PV d'Assemblée</deteven>
    </evenement>
    <evenement>
        <dateeven>27-12-2002</dateeven>
        <deteven>Déclaration de conformité</deteven>
    </evenement>
    <evenement>
        <dateeven>27-12-2002</dateeven>
        <deteven>Fusion</deteven>
    </evenement>
    <evenement>
        <dateeven>19-11-2002</dateeven>
        <deteven>PV d'Assemblée</deteven>
    </evenement>
    <evenement>
        <dateeven>19-11-2002</dateeven>
        <deteven>Continuation malgré perte de capital</deteven>
    </evenement>
    <evenement>
        <dateeven>15-11-2002</dateeven>
        <deteven>Acte modificatif</deteven>
    </evenement>
    <evenement>
        <dateeven>15-11-2002</dateeven>
        <deteven>Statuts mis à jour</deteven>
    </evenement>
    <evenement>
        <dateeven>15-11-2002</dateeven>
        <deteven>PV d'Assemblée</deteven>
    </evenement>
    <evenement>
        <dateeven>15-11-2002</dateeven>
        <deteven>Acte modificatif</deteven>
    </evenement>
    <evenement>
        <dateeven>15-11-2002</dateeven>
        <deteven>Modification du Conseil d'Administration</deteven>
    </evenement>
    <evenement>
        <dateeven>12-10-2002</dateeven>
        <deteven>Rapport des commissaires ou du gérant</deteven>
    </evenement>
    <evenement>
        <dateeven>18-07-2002</dateeven>
        <deteven>Acte modificatif</deteven>
    </evenement>
    <evenement>
        <dateeven>18-07-2002</dateeven>
        <deteven>Requete et ordonnance</deteven>
    </evenement>
    <evenement>
        <dateeven>15-03-2002</dateeven>
        <deteven>Statuts mis à jour</deteven>
    </evenement>
    <evenement>
        <dateeven>15-03-2002</dateeven>
        <deteven>PV d'Assemblée</deteven>
    </evenement>
    <evenement>
        <dateeven>15-03-2002</dateeven>
        <deteven>
            Transfert du siège dans le ressort du Tribunal de Commerce
        </deteven>
    </evenement>
    <evenement>
        <dateeven>15-03-2002</dateeven>
        <deteven>Réduction de capital</deteven>
    </evenement>
    <evenement>
        <dateeven>15-03-2002</dateeven>
        <deteven>Conversion du capital social en Euros</deteven>
    </evenement>
    <evenement>
        <dateeven>25-04-2001</dateeven>
        <deteven>Acte modificatif</deteven>
    </evenement>
    <evenement>
        <dateeven>25-04-2001</dateeven>
        <deteven>Modification du Conseil d'Administration</deteven>
    </evenement>
    <evenement>
        <dateeven>21-12-2000</dateeven>
        <deteven>Acte modificatif</deteven>
    </evenement>
    <evenement>
        <dateeven>21-12-2000</dateeven>
        <deteven>Modification du Conseil d'Administration</deteven>
    </evenement>
    <evenement>
        <dateeven>21-12-2000</dateeven>
        <deteven>Acte modificatif</deteven>
    </evenement>
    <evenement>
        <dateeven>21-12-2000</dateeven>
        <deteven>PV d'Assemblée</deteven>
    </evenement>
    <evenement>
        <dateeven>21-12-2000</dateeven>
        <deteven>Modification du Conseil d'Administration</deteven>
    </evenement>
    <evenement>
        <dateeven>22-09-2000</dateeven>
        <deteven>Apport partiel</deteven>
    </evenement>
    <evenement>
        <dateeven>23-03-2000</dateeven>
        <deteven>Acte modificatif</deteven>
    </evenement>
    <evenement>
        <dateeven>23-03-2000</dateeven>
        <deteven>Modification du Conseil d'Administration</deteven>
    </evenement>
    <evenement>
        <dateeven>05-10-1999</dateeven>
        <deteven>Changement de commissaire aux comptes</deteven>
    </evenement>
    <evenement>
        <dateeven>05-10-1999</dateeven>
        <deteven>PV d'Assemblée</deteven>
    </evenement>
    <evenement>
        <dateeven>05-10-1999</dateeven>
        <deteven>Acte modificatif</deteven>
    </evenement>
    <evenement>
        <dateeven>05-10-1999</dateeven>
        <deteven>Modification du Conseil d'Administration</deteven>
    </evenement>
    <evenement>
        <dateeven>15-10-1998</dateeven>
        <deteven>Statuts mis à jour</deteven>
    </evenement>
    <evenement>
        <dateeven>15-10-1998</dateeven>
        <deteven>PV d'Assemblée</deteven>
    </evenement>
    <evenement>
        <dateeven>15-10-1998</dateeven>
        <deteven>Reconstitution de l'actif net</deteven>
    </evenement>
    <evenement>
        <dateeven>15-10-1998</dateeven>
        <deteven>Continuation malgré perte de capital</deteven>
    </evenement>
    <evenement>
        <dateeven>15-10-1998</dateeven>
        <deteven>Réduction de capital</deteven>
    </evenement>
    <evenement>
        <dateeven>15-10-1998</dateeven>
        <deteven>Augmentation de capital</deteven>
    </evenement>
    <evenement>
        <dateeven>18-08-1998</dateeven>
        <deteven>Acte modificatif</deteven>
    </evenement>
    <evenement>
        <dateeven>18-08-1998</dateeven>
        <deteven>Modification du Conseil d'Administration</deteven>
    </evenement>
    <evenement>
        <dateeven>18-08-1998</dateeven>
        <deteven>Acte modificatif</deteven>
    </evenement>
    <evenement>
        <dateeven>18-08-1998</dateeven>
        <deteven>Modification du Conseil d'Administration</deteven>
    </evenement>
    <evenement>
        <dateeven>10-02-1998</dateeven>
        <deteven>Acte modificatif</deteven>
    </evenement>
    <evenement>
        <dateeven>27-10-1997</dateeven>
        <deteven>Acte modificatif</deteven>
    </evenement>
    <evenement>
        <dateeven>27-10-1997</dateeven>
        <deteven>Modification du Conseil d'Administration</deteven>
    </evenement>
    <evenement>
        <dateeven>10-06-1997</dateeven>
        <deteven>Acte modificatif</deteven>
    </evenement>
    <evenement>
        <dateeven>10-06-1997</dateeven>
        <deteven>Changement de Président (PDG, PCA)</deteven>
    </evenement>
    <evenement>
        <dateeven>04-03-1997</dateeven>
        <deteven>Acte modificatif</deteven>
    </evenement>
    <evenement>
        <dateeven>04-03-1997</dateeven>
        <deteven>Modification du Conseil d'Administration</deteven>
    </evenement>
    <evenement>
        <dateeven>04-03-1997</dateeven>
        <deteven>Acte modificatif</deteven>
    </evenement>
    <evenement>
        <dateeven>04-03-1997</dateeven>
        <deteven>Modification du Conseil d'Administration</deteven>
    </evenement>
    <evenement>
        <dateeven>06-02-1996</dateeven>
        <deteven>Acte modificatif</deteven>
    </evenement>
    <evenement>
        <dateeven>16-05-1995</dateeven>
        <deteven>Acte modificatif</deteven>
    </evenement>
    <evenement>
        <dateeven>02-03-1995</dateeven>
        <deteven>Acte modificatif</deteven>
    </evenement>
    <evenement>
        <dateeven>02-03-1995</dateeven>
        <deteven>Nomination/démission des organes de gestion</deteven>
    </evenement>
    <evenement>
        <dateeven>02-03-1995</dateeven>
        <deteven>Acte modificatif</deteven>
    </evenement>
    <evenement>
        <dateeven>12-12-1994</dateeven>
        <deteven>Acte modificatif</deteven>
    </evenement>
    <evenement>
        <dateeven>21-11-1994</dateeven>
        <deteven>Acte modificatif</deteven>
    </evenement>
    <evenement>
        <dateeven>12-11-1993</dateeven>
        <deteven>Acte modificatif</deteven>
    </evenement>
    <evenement>
        <dateeven>12-11-1993</dateeven>
        <deteven>Statuts mis à jour</deteven>
    </evenement>
    <evenement>
        <dateeven>12-11-1993</dateeven>
        <deteven>Acte modificatif</deteven>
    </evenement>
    <bilan>
        <bildate>31-12-2014</bildate>
        <bilcodemon>EU</bilcodemon>
        <bilca>+00040059100</bilca>
        <bilresnet>+00001823300</bilresnet>
        <bileffectif>+00000000320</bileffectif>
        <bilscore>+00000000517</bilscore>
    </bilan>
    <url>
        http://www.societe.com/societe/sce-conseil-expertises-territoires-562000349.html
    </url>
</main>