<main>
    <no type="siren">789217577</no>
    <deno>MONSIEUR LAURENT BERDAH</deno>
    <enseigne>MONSIEUR LAURENT BERDAH</enseigne>
    <psiret>78921757700020</psiret>
    <adresse>1 AVENUE DU 11 NOVEMBRE 1918</adresse>
    <codepostal>94500</codepostal>
    <commune>CHAMPIGNY SUR MARNE</commune>
    <ape>8621Z</ape>
    <apetexte>Activité des médecins généralistes</apetexte>
    <dcren>03-10-2011</dcren>
    <nationalite>FRANCE</nationalite>
    <formejur>Affaire personnelle profession libérale</formejur>
    <etablissement>
        <etabsiret>78921757700020</etabsiret>
        <etabenseigne>MONSIEUR LAURENT BERDAH</etabenseigne>
        <etabadresse>1 AVENUE DU 11 NOVEMBRE 1918</etabadresse>
        <etabcodepostal>94500</etabcodepostal>
        <etabcommune>CHAMPIGNY SUR MARNE</etabcommune>
        <etabape>8621Z</etabape>
        <etabapetexte>Activité des médecins généralistes</etabapetexte>
    </etablissement>
    <url>
        http://www.societe.com/societe/monsieur-laurent-berdah-789217577.html
    </url>
</main>
