<?xml version="1.0" encoding="UTF-8" ?>
<configuration scan="true">

    <appender name="STDOUT" class="ch.qos.logback.core.ConsoleAppender">
        <encoder>
            <pattern>%d %-5level %logger{35} - %msg %n</pattern>
        </encoder>
        <filter class="com.natixis.nie.hubis.core.log.AppThresholdFilter">
            <level>DEBUG</level>
        </filter>
    </appender>

    <appender name="FILE" class="ch.qos.logback.core.rolling.RollingFileAppender">
        <file>${jboss.server.log.dir:-target}/nie-hubis-rest.log</file>
        <rollingPolicy class="ch.qos.logback.core.rolling.FixedWindowRollingPolicy">
            <fileNamePattern>${jboss.server.log.dir:-target}/nie-hubis-rest.%i.log</fileNamePattern>
            <minIndex>1</minIndex>
            <maxIndex>5</maxIndex>
        </rollingPolicy>

        <triggeringPolicy class="ch.qos.logback.core.rolling.SizeBasedTriggeringPolicy">
            <maxFileSize>50MB</maxFileSize>
        </triggeringPolicy>

        <encoder>
            <pattern>%d [%thread] %-5level %logger{40} - %msg%n</pattern>
        </encoder>
    </appender>

    <logger name="com.natixis.nie.hubis" level="DEBUG"/>

    <root level="ERROR">
        <appender-ref ref="STDOUT"/>
        <appender-ref ref="FILE"/>
    </root>
</configuration>